sub,hr,congruent,rsi
280281,0.37037037037037035,1,1
280282,0.631578947368421,1,1
280283,0.28,1,1
280285,0.631578947368421,1,1
280286,0.5769230769230769,1,1
280288,0.6,1,1
280289,0.5925925925925926,1,1
280292,0.5789473684210527,1,1
280297,0.6363636363636364,1,1
280298,0.4166666666666667,1,1
280299,0.3333333333333333,1,1
280300,0.5789473684210527,1,1
280301,0.45,1,1
280302,0.3333333333333333,1,1
280303,0.42857142857142855,1,1
280304,0.48,1,1
280305,0.43478260869565216,1,1
280306,0.5238095238095238,1,1
280307,0.56,1,1
280308,0.45,1,1
280309,0.3181818181818182,1,1
280310,0.625,1,1
280311,0.2631578947368421,1,1
280312,0.4444444444444444,1,1
280313,0.5714285714285714,1,1
280314,0.1111111111111111,1,1
280315,0.35714285714285715,1,1
280316,0.5185185185185185,1,1
280317,0.34782608695652173,1,1
280318,0.4375,1,1
280320,0.45454545454545453,1,1
280321,0.5,1,1
280322,0.4,1,1
280325,0.38095238095238093,1,1
280326,0.5,1,1
280327,0.36363636363636365,1,1
280328,0.42105263157894735,1,1
280329,0.6086956521739131,1,1
280330,0.5384615384615384,1,1
280332,0.5652173913043478,1,1
280333,0.42857142857142855,1,1
280334,0.4230769230769231,1,1
280335,0.6956521739130435,1,1
280336,0.38461538461538464,1,1
280337,0.3181818181818182,1,1
280339,0.46153846153846156,1,1
280340,0.5,1,1
280342,0.3157894736842105,1,1
280343,0.47619047619047616,1,1
280344,0.4,1,1
280345,0.4375,1,1
280346,0.4,1,1
280347,0.5769230769230769,1,1
280349,0.5,1,1
280350,0.5,1,1
280351,0.28,1,1
280352,0.4,1,1
280353,0.4230769230769231,1,1
280354,0.4,1,1
280355,0.375,1,1
280356,0.4,1,1
280357,0.47058823529411764,1,1
280360,0.7727272727272727,1,1
280361,0.5925925925925926,1,1
280362,0.2692307692307692,1,1
280363,0.7142857142857143,1,1
280364,0.56,1,1
280365,0.125,1,1
280367,0.125,1,1
280368,0.5333333333333333,1,1
280369,0.5,1,1
280370,0.35,1,1
280371,0.5714285714285714,1,1
280372,0.47058823529411764,1,1
280373,0.391304347826087,1,1
280374,0.5294117647058824,1,1
280375,0.5,1,1
280376,0.5384615384615384,1,1
280377,0.52,1,1
280379,0.30434782608695654,1,1
280380,0.6086956521739131,1,1
280383,0.6666666666666666,1,1
280384,0.5384615384615384,1,1
280385,0.47058823529411764,1,1
280386,0.2916666666666667,1,1
280387,0.5238095238095238,1,1
280389,0.15789473684210525,1,1
280391,0.5,1,1
280392,0.4583333333333333,1,1
280395,0.4375,1,1
280396,0.3,1,1
280398,0.4230769230769231,1,1
280403,0.38095238095238093,1,1
280404,0.7407407407407407,1,1
280405,0.5263157894736842,1,1
280406,0.32142857142857145,1,1
280408,0.5833333333333334,1,1
280409,0.34782608695652173,1,1
280411,0.2692307692307692,1,1
280412,0.5,1,1
280413,0.48,1,1
280418,0.5833333333333334,1,1
280419,0.6190476190476191,1,1
280420,0.45,1,1
280422,0.3333333333333333,1,1
280428,0.3333333333333333,1,1
280429,0.43478260869565216,1,1
280430,0.2857142857142857,1,1
280433,0.6190476190476191,1,1
280435,0.5666666666666667,1,1
280436,0.42105263157894735,1,1
280437,0.3076923076923077,1,1
280438,0.45,1,1
280440,0.3548387096774194,1,1
280444,0.375,1,1
280281,0.4,0,1
280282,0.5,0,1
280283,0.35294117647058826,0,1
280285,0.5833333333333334,0,1
280286,0.5217391304347826,0,1
280288,0.64,0,1
280289,0.47058823529411764,0,1
280292,0.5,0,1
280297,0.4,0,1
280298,0.42857142857142855,0,1
280299,0.15384615384615385,0,1
280300,0.5555555555555556,0,1
280301,0.4444444444444444,0,1
280302,0.2,0,1
280303,0.5,0,1
280304,0.38461538461538464,0,1
280305,0.5,0,1
280306,0.4375,0,1
280307,0.5625,0,1
280308,0.43478260869565216,0,1
280309,0.6666666666666666,0,1
280310,0.3888888888888889,0,1
280311,0.5769230769230769,0,1
280312,0.5,0,1
280313,0.3125,0,1
280314,0.6923076923076923,0,1
280315,0.3333333333333333,0,1
280316,0.4666666666666667,0,1
280317,0.4166666666666667,0,1
280318,0.45454545454545453,0,1
280320,0.4666666666666667,0,1
280321,0.4,0,1
280322,0.3125,0,1
280325,0.375,0,1
280326,0.42857142857142855,0,1
280327,0.4375,0,1
280328,0.4,0,1
280329,0.3888888888888889,0,1
280330,0.3888888888888889,0,1
280332,0.47368421052631576,0,1
280333,0.45454545454545453,0,1
280334,0.5625,0,1
280335,0.6363636363636364,0,1
280336,0.375,0,1
280337,0.47368421052631576,0,1
280339,0.42105263157894735,0,1
280340,0.5,0,1
280342,0.35294117647058826,0,1
280343,0.4583333333333333,0,1
280344,0.5652173913043478,0,1
280345,0.6,0,1
280346,0.35,0,1
280347,0.4666666666666667,0,1
280349,0.47058823529411764,0,1
280350,0.5555555555555556,0,1
280351,0.17647058823529413,0,1
280352,0.5555555555555556,0,1
280353,0.4166666666666667,0,1
280354,0.23076923076923078,0,1
280355,0.5909090909090909,0,1
280356,0.5714285714285714,0,1
280357,0.6,0,1
280360,0.4666666666666667,0,1
280361,0.5333333333333333,0,1
280362,0.1,0,1
280363,0.6363636363636364,0,1
280364,0.42857142857142855,0,1
280365,0.4230769230769231,0,1
280367,0.2,0,1
280368,0.5714285714285714,0,1
280369,0.4375,0,1
280370,0.32,0,1
280371,0.4,0,1
280372,0.5,0,1
280373,0.4666666666666667,0,1
280374,0.42105263157894735,0,1
280375,0.2857142857142857,0,1
280376,0.46153846153846156,0,1
280377,0.625,0,1
280379,0.45454545454545453,0,1
280380,0.34782608695652173,0,1
280383,0.3333333333333333,0,1
280384,0.47058823529411764,0,1
280385,0.52,0,1
280386,0.21428571428571427,0,1
280387,0.21739130434782608,0,1
280389,0.3333333333333333,0,1
280391,0.46153846153846156,0,1
280392,0.5,0,1
280395,0.4,0,1
280396,0.14285714285714285,0,1
280398,0.5555555555555556,0,1
280403,0.23809523809523808,0,1
280404,0.6923076923076923,0,1
280405,0.6428571428571429,0,1
280406,0.5,0,1
280408,0.47368421052631576,0,1
280409,0.4117647058823529,0,1
280411,0.3333333333333333,0,1
280412,0.25,0,1
280413,0.5333333333333333,0,1
280418,0.4642857142857143,0,1
280419,0.5882352941176471,0,1
280420,0.6086956521739131,0,1
280422,0.46153846153846156,0,1
280428,0.25,0,1
280429,0.5263157894736842,0,1
280430,0.2631578947368421,0,1
280433,0.5263157894736842,0,1
280435,0.2727272727272727,0,1
280436,0.52,0,1
280437,0.5,0,1
280438,0.3,0,1
280440,0.36363636363636365,0,1
280444,0.3125,0,1
280281,0.2631578947368421,1,2
280282,0.6666666666666666,1,2
280283,0.3888888888888889,1,2
280285,0.6666666666666666,1,2
280286,0.4,1,2
280288,0.47619047619047616,1,2
280289,0.4166666666666667,1,2
280292,0.5238095238095238,1,2
280297,0.5294117647058824,1,2
280298,0.48148148148148145,1,2
280299,0.2857142857142857,1,2
280300,0.7142857142857143,1,2
280301,0.5333333333333333,1,2
280302,0.3684210526315789,1,2
280303,0.25,1,2
280304,0.35294117647058826,1,2
280305,0.3684210526315789,1,2
280306,0.47368421052631576,1,2
280307,0.6538461538461539,1,2
280308,0.47619047619047616,1,2
280309,0.45,1,2
280310,0.3181818181818182,1,2
280311,0.2857142857142857,1,2
280312,0.35714285714285715,1,2
280313,0.4,1,2
280314,0.5625,1,2
280315,0.32,1,2
280316,0.2,1,2
280317,0.2631578947368421,1,2
280318,0.32,1,2
280320,0.4090909090909091,1,2
280321,0.6,1,2
280322,0.20833333333333334,1,2
280325,0.34615384615384615,1,2
280326,0.4782608695652174,1,2
280327,0.3333333333333333,1,2
280328,0.10526315789473684,1,2
280329,0.45,1,2
280330,0.21739130434782608,1,2
280332,0.5,1,2
280333,0.29411764705882354,1,2
280334,0.5263157894736842,1,2
280335,0.6086956521739131,1,2
280336,0.17647058823529413,1,2
280337,0.3,1,2
280339,0.30434782608695654,1,2
280340,0.5789473684210527,1,2
280342,0.36363636363636365,1,2
280343,0.5,1,2
280344,0.25,1,2
280345,0.5,1,2
280346,0.26666666666666666,1,2
280347,0.4444444444444444,1,2
280349,0.3,1,2
280350,0.5263157894736842,1,2
280351,0.5,1,2
280352,0.5,1,2
280353,0.5454545454545454,1,2
280354,0.5714285714285714,1,2
280355,0.5384615384615384,1,2
280356,0.5,1,2
280357,0.6086956521739131,1,2
280360,0.47619047619047616,1,2
280361,0.6111111111111112,1,2
280362,0.45454545454545453,1,2
280363,0.55,1,2
280364,0.5833333333333334,1,2
280365,0.5,1,2
280367,0.5625,1,2
280368,0.375,1,2
280369,0.3181818181818182,1,2
280370,0.5,1,2
280371,0.5454545454545454,1,2
280372,0.5263157894736842,1,2
280373,0.5625,1,2
280374,0.5,1,2
280375,0.3,1,2
280376,0.4090909090909091,1,2
280377,0.7222222222222222,1,2
280379,0.21052631578947367,1,2
280380,0.42105263157894735,1,2
280383,0.38095238095238093,1,2
280384,0.5,1,2
280385,0.5714285714285714,1,2
280386,0.4,1,2
280387,0.4,1,2
280389,0.2,1,2
280391,0.391304347826087,1,2
280392,0.6,1,2
280395,0.5,1,2
280396,0.3125,1,2
280398,0.5,1,2
280403,0.7647058823529411,1,2
280404,0.7368421052631579,1,2
280405,0.42857142857142855,1,2
280406,0.4,1,2
280408,0.43478260869565216,1,2
280409,0.5416666666666666,1,2
280411,0.23076923076923078,1,2
280412,0.42857142857142855,1,2
280413,0.5217391304347826,1,2
280418,0.7142857142857143,1,2
280419,0.5833333333333334,1,2
280420,0.6,1,2
280422,0.5263157894736842,1,2
280428,0.21739130434782608,1,2
280429,0.5,1,2
280430,0.38095238095238093,1,2
280433,0.5789473684210527,1,2
280435,0.3333333333333333,1,2
280436,0.29411764705882354,1,2
280437,0.3333333333333333,1,2
280438,0.5,1,2
280440,0.391304347826087,1,2
280444,0.25,1,2
280281,0.10526315789473684,0,2
280282,0.5714285714285714,0,2
280283,0.3076923076923077,0,2
280285,0.3,0,2
280286,0.6,0,2
280288,0.6666666666666666,0,2
280289,0.6842105263157895,0,2
280292,0.38461538461538464,0,2
280297,0.5,0,2
280298,0.5,0,2
280299,0.3333333333333333,0,2
280300,0.3333333333333333,0,2
280301,0.3,0,2
280302,0.3125,0,2
280303,0.0,0,2
280304,0.4090909090909091,0,2
280305,0.5,0,2
280306,0.6363636363636364,0,2
280307,0.5625,0,2
280308,0.3333333333333333,0,2
280309,0.3076923076923077,0,2
280310,0.3,0,2
280311,0.5714285714285714,0,2
280312,0.375,0,2
280313,0.3076923076923077,0,2
280314,0.2857142857142857,0,2
280315,0.35714285714285715,0,2
280316,0.375,0,2
280317,0.6153846153846154,0,2
280318,0.3333333333333333,0,2
280320,0.625,0,2
280321,0.4444444444444444,0,2
280322,0.25,0,2
280325,0.4166666666666667,0,2
280326,0.6666666666666666,0,2
280327,0.4,0,2
280328,0.35714285714285715,0,2
280329,0.6428571428571429,0,2
280330,0.4117647058823529,0,2
280332,0.5882352941176471,0,2
280333,0.35714285714285715,0,2
280334,0.55,0,2
280335,0.7058823529411765,0,2
280336,0.625,0,2
280337,0.5714285714285714,0,2
280339,0.6153846153846154,0,2
280340,0.25,0,2
280342,0.2631578947368421,0,2
280343,0.35,0,2
280344,0.4,0,2
280345,0.6428571428571429,0,2
280346,0.4166666666666667,0,2
280347,0.2777777777777778,0,2
280349,0.5625,0,2
280350,0.2727272727272727,0,2
280351,0.15384615384615385,0,2
280352,0.30434782608695654,0,2
280353,0.6153846153846154,0,2
280354,0.35294117647058826,0,2
280355,0.4,0,2
280356,0.7333333333333333,0,2
280357,0.5,0,2
280360,0.5714285714285714,0,2
280361,0.6666666666666666,0,2
280362,0.5,0,2
280363,0.625,0,2
280364,0.5882352941176471,0,2
280365,0.4,0,2
280367,0.25,0,2
280368,0.25,0,2
280369,0.3333333333333333,0,2
280370,0.6,0,2
280371,0.38461538461538464,0,2
280372,0.6666666666666666,0,2
280373,0.125,0,2
280374,0.3333333333333333,0,2
280375,0.5,0,2
280376,0.2857142857142857,0,2
280377,0.47368421052631576,0,2
280379,0.2222222222222222,0,2
280380,0.5,0,2
280383,0.46153846153846156,0,2
280384,0.2727272727272727,0,2
280385,0.5294117647058824,0,2
280386,0.6363636363636364,0,2
280387,0.3333333333333333,0,2
280389,0.4444444444444444,0,2
280391,0.4375,0,2
280392,0.47619047619047616,0,2
280395,0.47058823529411764,0,2
280396,0.11538461538461539,0,2
280398,0.47368421052631576,0,2
280403,0.6666666666666666,0,2
280404,0.625,0,2
280405,0.5333333333333333,0,2
280406,0.3888888888888889,0,2
280408,0.4444444444444444,0,2
280409,0.7142857142857143,0,2
280411,0.4,0,2
280412,0.2777777777777778,0,2
280413,0.5555555555555556,0,2
280418,0.35294117647058826,0,2
280419,0.35,0,2
280420,0.42857142857142855,0,2
280422,0.625,0,2
280428,0.4,0,2
280429,0.3888888888888889,0,2
280430,0.4444444444444444,0,2
280433,0.6,0,2
280435,0.5263157894736842,0,2
280436,0.36363636363636365,0,2
280437,0.5,0,2
280438,0.3076923076923077,0,2
280440,0.47058823529411764,0,2
280444,0.6666666666666666,0,2
280281,0.375,1,3
280282,0.5384615384615384,1,3
280283,0.3684210526315789,1,3
280285,0.5714285714285714,1,3
280286,0.7142857142857143,1,3
280288,0.3157894736842105,1,3
280289,0.5625,1,3
280292,0.5384615384615384,1,3
280297,0.3333333333333333,1,3
280298,0.26666666666666666,1,3
280299,0.26666666666666666,1,3
280300,0.5714285714285714,1,3
280301,0.25,1,3
280302,0.21052631578947367,1,3
280303,0.4666666666666667,1,3
280304,0.5,1,3
280305,0.6666666666666666,1,3
280306,0.42857142857142855,1,3
280307,0.6428571428571429,1,3
280308,0.35,1,3
280309,0.6428571428571429,1,3
280310,0.47368421052631576,1,3
280311,0.42857142857142855,1,3
280312,0.5625,1,3
280313,0.26666666666666666,1,3
280314,0.7222222222222222,1,3
280315,0.5714285714285714,1,3
280316,0.5,1,3
280317,0.4,1,3
280318,0.6,1,3
280320,0.45,1,3
280321,0.375,1,3
280322,0.4166666666666667,1,3
280325,0.3333333333333333,1,3
280326,0.3888888888888889,1,3
280327,0.3888888888888889,1,3
280328,0.5,1,3
280329,0.2608695652173913,1,3
280330,0.3157894736842105,1,3
280332,0.75,1,3
280333,0.4666666666666667,1,3
280334,0.5789473684210527,1,3
280335,0.7857142857142857,1,3
280336,0.7058823529411765,1,3
280337,0.5,1,3
280339,0.3333333333333333,1,3
280340,0.42857142857142855,1,3
280342,0.47058823529411764,1,3
280343,0.3,1,3
280344,0.23529411764705882,1,3
280345,0.5,1,3
280346,0.4,1,3
280347,0.625,1,3
280349,0.3157894736842105,1,3
280350,0.25,1,3
280351,0.4,1,3
280352,0.3,1,3
280353,0.6666666666666666,1,3
280354,0.6111111111111112,1,3
280355,0.4375,1,3
280356,0.46153846153846156,1,3
280357,0.7,1,3
280360,0.47368421052631576,1,3
280361,0.5555555555555556,1,3
280362,0.7058823529411765,1,3
280363,0.4444444444444444,1,3
280364,0.7,1,3
280365,0.42857142857142855,1,3
280367,0.4666666666666667,1,3
280368,0.3125,1,3
280369,0.3076923076923077,1,3
280370,0.29411764705882354,1,3
280371,0.6666666666666666,1,3
280372,0.5555555555555556,1,3
280373,0.38461538461538464,1,3
280374,0.6470588235294118,1,3
280375,0.42105263157894735,1,3
280376,0.5333333333333333,1,3
280377,0.6,1,3
280379,0.4,1,3
280380,0.4117647058823529,1,3
280383,0.23529411764705882,1,3
280384,0.47619047619047616,1,3
280385,0.47368421052631576,1,3
280386,0.8,1,3
280387,0.23076923076923078,1,3
280389,0.4117647058823529,1,3
280391,0.5384615384615384,1,3
280392,0.42105263157894735,1,3
280395,0.631578947368421,1,3
280396,0.6190476190476191,1,3
280398,0.5714285714285714,1,3
280403,0.5238095238095238,1,3
280404,0.5625,1,3
280405,0.5,1,3
280406,0.6428571428571429,1,3
280408,0.5294117647058824,1,3
280409,0.47058823529411764,1,3
280411,0.47058823529411764,1,3
280412,0.4375,1,3
280413,0.6111111111111112,1,3
280418,0.65,1,3
280419,0.5263157894736842,1,3
280420,0.38461538461538464,1,3
280422,0.35714285714285715,1,3
280428,0.6428571428571429,1,3
280429,0.17391304347826086,1,3
280430,0.35294117647058826,1,3
280433,0.4117647058823529,1,3
280435,0.42105263157894735,1,3
280436,0.4375,1,3
280437,0.06666666666666667,1,3
280438,0.16666666666666666,1,3
280440,0.125,1,3
280444,0.5,1,3
280281,0.09090909090909091,0,3
280282,0.5,0,3
280283,0.4166666666666667,0,3
280285,0.7,0,3
280286,0.5833333333333334,0,3
280288,0.17647058823529413,0,3
280289,0.7333333333333333,0,3
280292,0.625,0,3
280297,0.5,0,3
280298,0.45454545454545453,0,3
280299,0.4444444444444444,0,3
280300,0.6428571428571429,0,3
280301,0.7142857142857143,0,3
280302,0.18181818181818182,0,3
280303,0.4375,0,3
280304,0.75,0,3
280305,0.38461538461538464,0,3
280306,0.5833333333333334,0,3
280307,0.5,0,3
280308,0.6875,0,3
280309,0.5833333333333334,0,3
280310,0.4444444444444444,0,3
280311,0.42857142857142855,0,3
280312,0.5555555555555556,0,3
280313,0.23076923076923078,0,3
280314,0.5555555555555556,0,3
280315,0.3333333333333333,0,3
280316,0.16666666666666666,0,3
280317,0.5,0,3
280318,0.36363636363636365,0,3
280320,0.4166666666666667,0,3
280321,0.5714285714285714,0,3
280322,0.7222222222222222,0,3
280325,0.3333333333333333,0,3
280326,0.46153846153846156,0,3
280327,0.4444444444444444,0,3
280328,0.5833333333333334,0,3
280329,0.2727272727272727,0,3
280330,0.25,0,3
280332,0.5882352941176471,0,3
280333,0.42857142857142855,0,3
280334,0.6428571428571429,0,3
280335,0.55,0,3
280336,0.4166666666666667,0,3
280337,0.26666666666666666,0,3
280339,0.2631578947368421,0,3
280340,0.46153846153846156,0,3
280342,0.4444444444444444,0,3
280343,0.625,0,3
280344,0.23076923076923078,0,3
280345,0.5454545454545454,0,3
280346,0.5,0,3
280347,0.6818181818181818,0,3
280349,0.42857142857142855,0,3
280350,0.4,0,3
280351,0.09090909090909091,0,3
280352,0.5555555555555556,0,3
280353,0.35714285714285715,0,3
280354,0.5,0,3
280355,0.3888888888888889,0,3
280356,0.4,0,3
280357,0.7692307692307693,0,3
280360,0.18181818181818182,0,3
280361,0.4444444444444444,0,3
280362,0.5625,0,3
280363,0.5,0,3
280364,0.5454545454545454,0,3
280365,0.2727272727272727,0,3
280367,0.3,0,3
280368,0.5454545454545454,0,3
280369,0.3333333333333333,0,3
280370,0.7777777777777778,0,3
280371,0.6923076923076923,0,3
280372,0.8181818181818182,0,3
280373,0.46153846153846156,0,3
280374,0.45454545454545453,0,3
280375,0.42857142857142855,0,3
280376,0.35714285714285715,0,3
280377,0.5,0,3
280379,0.3,0,3
280380,0.5882352941176471,0,3
280383,0.45454545454545453,0,3
280384,0.3333333333333333,0,3
280385,0.3333333333333333,0,3
280386,0.5,0,3
280387,0.3333333333333333,0,3
280389,0.125,0,3
280391,0.6,0,3
280392,0.5625,0,3
280395,0.8,0,3
280396,0.35714285714285715,0,3
280398,0.5789473684210527,0,3
280403,0.6666666666666666,0,3
280404,0.7272727272727273,0,3
280405,0.5333333333333333,0,3
280406,0.2857142857142857,0,3
280408,0.6,0,3
280409,0.6923076923076923,0,3
280411,0.35714285714285715,0,3
280412,0.6153846153846154,0,3
280413,0.25,0,3
280418,0.4444444444444444,0,3
280419,0.5625,0,3
280420,0.47058823529411764,0,3
280422,0.6363636363636364,0,3
280428,0.38461538461538464,0,3
280429,0.2222222222222222,0,3
280430,0.45454545454545453,0,3
280433,0.5,0,3
280435,0.6363636363636364,0,3
280436,0.35714285714285715,0,3
280437,0.3333333333333333,0,3
280438,0.3076923076923077,0,3
280440,0.3333333333333333,0,3
280444,0.6666666666666666,0,3
280281,0.2777777777777778,1,4
280282,0.6363636363636364,1,4
280283,0.55,1,4
280285,0.55,1,4
280286,0.6363636363636364,1,4
280288,0.2857142857142857,1,4
280289,0.3888888888888889,1,4
280292,0.6666666666666666,1,4
280297,0.4444444444444444,1,4
280298,0.36,1,4
280299,0.3333333333333333,1,4
280300,0.4666666666666667,1,4
280301,0.4444444444444444,1,4
280302,0.2777777777777778,1,4
280303,0.46153846153846156,1,4
280304,0.5172413793103449,1,4
280305,0.47619047619047616,1,4
280306,0.631578947368421,1,4
280307,0.21739130434782608,1,4
280308,0.4782608695652174,1,4
280309,0.2857142857142857,1,4
280310,0.6428571428571429,1,4
280311,0.4782608695652174,1,4
280312,0.26666666666666666,1,4
280313,0.5294117647058824,1,4
280314,0.42857142857142855,1,4
280315,0.42857142857142855,1,4
280316,0.45454545454545453,1,4
280317,0.2857142857142857,1,4
280318,0.48148148148148145,1,4
280320,0.6,1,4
280321,0.45454545454545453,1,4
280322,0.5,1,4
280325,0.5625,1,4
280326,0.17391304347826086,1,4
280327,0.3181818181818182,1,4
280328,0.72,1,4
280329,0.42857142857142855,1,4
280330,0.5,1,4
280332,0.5454545454545454,1,4
280333,0.26666666666666666,1,4
280334,0.45454545454545453,1,4
280335,0.6818181818181818,1,4
280336,0.44,1,4
280337,0.6111111111111112,1,4
280339,0.5454545454545454,1,4
280340,0.38095238095238093,1,4
280342,0.2777777777777778,1,4
280343,0.3888888888888889,1,4
280344,0.25,1,4
280345,0.125,1,4
280346,0.21052631578947367,1,4
280347,0.5555555555555556,1,4
280349,0.3684210526315789,1,4
280350,0.3333333333333333,1,4
280351,0.43478260869565216,1,4
280352,0.5,1,4
280353,0.4117647058823529,1,4
280354,0.3125,1,4
280355,0.45454545454545453,1,4
280356,0.38461538461538464,1,4
280357,0.5,1,4
280360,0.6666666666666666,1,4
280361,0.3684210526315789,1,4
280362,0.42857142857142855,1,4
280363,0.7333333333333333,1,4
280364,0.6153846153846154,1,4
280365,0.4,1,4
280367,0.2857142857142857,1,4
280368,0.5263157894736842,1,4
280369,0.4,1,4
280370,0.5652173913043478,1,4
280371,0.5263157894736842,1,4
280372,0.6666666666666666,1,4
280373,0.13636363636363635,1,4
280374,0.44,1,4
280375,0.42105263157894735,1,4
280376,0.6842105263157895,1,4
280377,0.5384615384615384,1,4
280379,0.5416666666666666,1,4
280380,0.45454545454545453,1,4
280383,0.47058823529411764,1,4
280384,0.5652173913043478,1,4
280385,0.42857142857142855,1,4
280386,0.5,1,4
280387,0.25,1,4
280389,0.38095238095238093,1,4
280391,0.3103448275862069,1,4
280392,0.43478260869565216,1,4
280395,0.4117647058823529,1,4
280396,0.5714285714285714,1,4
280398,0.391304347826087,1,4
280403,0.3333333333333333,1,4
280404,0.5333333333333333,1,4
280405,0.4666666666666667,1,4
280406,0.6153846153846154,1,4
280408,0.4117647058823529,1,4
280409,0.5555555555555556,1,4
280411,0.3333333333333333,1,4
280412,0.47619047619047616,1,4
280413,0.5882352941176471,1,4
280418,0.5263157894736842,1,4
280419,0.5454545454545454,1,4
280420,0.7222222222222222,1,4
280422,0.4230769230769231,1,4
280428,0.26666666666666666,1,4
280429,0.34782608695652173,1,4
280430,0.5454545454545454,1,4
280433,0.7,1,4
280435,0.5769230769230769,1,4
280436,0.26666666666666666,1,4
280437,0.3684210526315789,1,4
280438,0.4,1,4
280440,0.47058823529411764,1,4
280444,0.4,1,4
280281,0.30434782608695654,0,4
280282,0.38461538461538464,0,4
280283,0.3684210526315789,0,4
280285,0.5294117647058824,0,4
280286,0.5454545454545454,0,4
280288,0.2777777777777778,0,4
280289,0.5,0,4
280292,0.6,0,4
280297,0.3076923076923077,0,4
280298,0.42857142857142855,0,4
280299,0.2777777777777778,0,4
280300,0.38461538461538464,0,4
280301,0.7272727272727273,0,4
280302,0.35714285714285715,0,4
280303,0.45454545454545453,0,4
280304,0.4375,0,4
280305,0.5833333333333334,0,4
280306,0.5789473684210527,0,4
280307,0.4666666666666667,0,4
280308,0.5,0,4
280309,0.6923076923076923,0,4
280310,0.7272727272727273,0,4
280311,0.5454545454545454,0,4
280312,0.3,0,4
280313,0.5333333333333333,0,4
280314,0.4375,0,4
280315,0.4375,0,4
280316,0.5,0,4
280317,0.2222222222222222,0,4
280318,0.5,0,4
280320,0.6190476190476191,0,4
280321,0.4166666666666667,0,4
280322,0.35714285714285715,0,4
280325,0.4166666666666667,0,4
280326,0.3333333333333333,0,4
280327,0.5263157894736842,0,4
280328,0.7142857142857143,0,4
280329,0.4117647058823529,0,4
280330,0.39285714285714285,0,4
280332,0.5294117647058824,0,4
280333,0.7,0,4
280334,0.5833333333333334,0,4
280335,0.7619047619047619,0,4
280336,0.4375,0,4
280337,0.6470588235294118,0,4
280339,0.5625,0,4
280340,0.23529411764705882,0,4
280342,0.2,0,4
280343,0.6842105263157895,0,4
280344,0.29411764705882354,0,4
280345,0.47058823529411764,0,4
280346,0.5416666666666666,0,4
280347,0.375,0,4
280349,0.15789473684210525,0,4
280350,0.45454545454545453,0,4
280351,0.36363636363636365,0,4
280352,0.35294117647058826,0,4
280353,0.6,0,4
280354,0.4444444444444444,0,4
280355,0.35,0,4
280356,0.29411764705882354,0,4
280357,0.5882352941176471,0,4
280360,0.3,0,4
280361,0.45,0,4
280362,0.3684210526315789,0,4
280363,0.6842105263157895,0,4
280364,0.5416666666666666,0,4
280365,0.30434782608695654,0,4
280367,0.4,0,4
280368,0.4,0,4
280369,0.14285714285714285,0,4
280370,0.375,0,4
280371,0.4666666666666667,0,4
280372,0.5714285714285714,0,4
280373,0.3157894736842105,0,4
280374,0.7333333333333333,0,4
280375,0.3333333333333333,0,4
280376,0.5416666666666666,0,4
280377,0.8333333333333334,0,4
280379,0.14285714285714285,0,4
280380,0.5714285714285714,0,4
280383,0.6086956521739131,0,4
280384,0.4,0,4
280385,0.45454545454545453,0,4
280386,0.4,0,4
280387,0.36,0,4
280389,0.4666666666666667,0,4
280391,0.36363636363636365,0,4
280392,0.5,0,4
280395,0.375,0,4
280396,0.3888888888888889,0,4
280398,0.5294117647058824,0,4
280403,0.75,0,4
280404,0.6666666666666666,0,4
280405,0.25,0,4
280406,0.45454545454545453,0,4
280408,0.3888888888888889,0,4
280409,0.35,0,4
280411,0.23529411764705882,0,4
280412,0.55,0,4
280413,0.6666666666666666,0,4
280418,0.6,0,4
280419,0.5,0,4
280420,0.35,0,4
280422,0.3333333333333333,0,4
280428,0.5,0,4
280429,0.3333333333333333,0,4
280430,0.42857142857142855,0,4
280433,0.5789473684210527,0,4
280435,0.47058823529411764,0,4
280436,0.2727272727272727,0,4
280437,0.1875,0,4
280438,0.3,0,4
280440,0.5,0,4
280444,0.25,0,4
280281,0.4166666666666667,1,5
280282,0.4117647058823529,1,5
280283,0.35294117647058826,1,5
280285,0.45454545454545453,1,5
280286,0.3333333333333333,1,5
280288,0.5384615384615384,1,5
280289,0.4375,1,5
280292,0.8333333333333334,1,5
280297,0.375,1,5
280298,0.15384615384615385,1,5
280299,0.26666666666666666,1,5
280300,0.42105263157894735,1,5
280301,0.375,1,5
280302,0.4,1,5
280303,0.3333333333333333,1,5
280304,0.4,1,5
280305,0.3888888888888889,1,5
280306,0.5384615384615384,1,5
280307,0.5454545454545454,1,5
280308,0.5714285714285714,1,5
280309,0.4,1,5
280310,0.75,1,5
280311,0.5,1,5
280312,0.38461538461538464,1,5
280313,0.3333333333333333,1,5
280314,0.3125,1,5
280315,0.21428571428571427,1,5
280316,0.29411764705882354,1,5
280317,0.35714285714285715,1,5
280318,0.42857142857142855,1,5
280320,0.5,1,5
280321,0.5555555555555556,1,5
280322,0.3333333333333333,1,5
280325,0.3125,1,5
280326,0.45,1,5
280327,0.4375,1,5
280328,0.46153846153846156,1,5
280329,0.5263157894736842,1,5
280330,0.5,1,5
280332,0.6363636363636364,1,5
280333,0.5,1,5
280334,0.5384615384615384,1,5
280335,0.7777777777777778,1,5
280336,0.5294117647058824,1,5
280337,0.3,1,5
280339,0.5263157894736842,1,5
280340,0.7857142857142857,1,5
280342,0.21428571428571427,1,5
280343,0.28,1,5
280344,0.2,1,5
280345,0.2,1,5
280346,0.07692307692307693,1,5
280347,0.5454545454545454,1,5
280349,0.3125,1,5
280350,0.5,1,5
280351,0.47058823529411764,1,5
280352,0.42105263157894735,1,5
280353,0.5882352941176471,1,5
280354,0.3684210526315789,1,5
280355,0.3157894736842105,1,5
280356,0.5263157894736842,1,5
280357,0.5454545454545454,1,5
280360,0.47368421052631576,1,5
280361,0.5,1,5
280362,0.6428571428571429,1,5
280363,0.6923076923076923,1,5
280364,0.7142857142857143,1,5
280365,0.2857142857142857,1,5
280367,0.3333333333333333,1,5
280368,0.25,1,5
280369,0.42857142857142855,1,5
280370,0.2777777777777778,1,5
280371,0.375,1,5
280372,0.6363636363636364,1,5
280373,0.42857142857142855,1,5
280374,0.3333333333333333,1,5
280375,0.7333333333333333,1,5
280376,0.2,1,5
280377,0.5833333333333334,1,5
280379,0.3333333333333333,1,5
280380,0.6,1,5
280383,0.5,1,5
280384,0.5,1,5
280385,0.47058823529411764,1,5
280386,0.5263157894736842,1,5
280387,0.4117647058823529,1,5
280389,0.4375,1,5
280391,0.3684210526315789,1,5
280392,0.3333333333333333,1,5
280395,0.29411764705882354,1,5
280396,0.3076923076923077,1,5
280398,0.3333333333333333,1,5
280403,0.16666666666666666,1,5
280404,0.875,1,5
280405,0.2777777777777778,1,5
280406,0.42857142857142855,1,5
280408,0.47058823529411764,1,5
280409,0.25,1,5
280411,0.23529411764705882,1,5
280412,0.42857142857142855,1,5
280413,0.25,1,5
280418,0.4166666666666667,1,5
280419,0.5,1,5
280420,0.47058823529411764,1,5
280422,0.29411764705882354,1,5
280428,0.4,1,5
280429,0.5294117647058824,1,5
280430,0.5,1,5
280433,0.3157894736842105,1,5
280435,0.5,1,5
280436,0.4,1,5
280437,0.46153846153846156,1,5
280438,0.3333333333333333,1,5
280440,0.13333333333333333,1,5
280444,0.4666666666666667,1,5
280281,0.4117647058823529,0,5
280282,0.5384615384615384,0,5
280283,0.5,0,5
280285,0.5,0,5
280286,0.5555555555555556,0,5
280288,0.5714285714285714,0,5
280289,0.5,0,5
280292,0.4166666666666667,0,5
280297,0.5,0,5
280298,0.4,0,5
280299,0.4166666666666667,0,5
280300,0.5555555555555556,0,5
280301,0.16666666666666666,0,5
280302,0.25,0,5
280303,0.2727272727272727,0,5
280304,0.4117647058823529,0,5
280305,0.4444444444444444,0,5
280306,0.7333333333333333,0,5
280307,0.3888888888888889,0,5
280308,0.35714285714285715,0,5
280309,0.3076923076923077,0,5
280310,0.6428571428571429,0,5
280311,0.2777777777777778,0,5
280312,0.35294117647058826,0,5
280313,0.18181818181818182,0,5
280314,0.25,0,5
280315,0.3333333333333333,0,5
280316,0.4166666666666667,0,5
280317,0.47058823529411764,0,5
280318,0.45454545454545453,0,5
280320,0.5333333333333333,0,5
280321,0.9090909090909091,0,5
280322,0.4,0,5
280325,0.3333333333333333,0,5
280326,0.4444444444444444,0,5
280327,0.35714285714285715,0,5
280328,0.3333333333333333,0,5
280329,0.3,0,5
280330,0.5789473684210527,0,5
280332,0.6428571428571429,0,5
280333,0.4,0,5
280334,0.5384615384615384,0,5
280335,0.6666666666666666,0,5
280336,0.3076923076923077,0,5
280337,0.45454545454545453,0,5
280339,0.4166666666666667,0,5
280340,0.6153846153846154,0,5
280342,0.38461538461538464,0,5
280343,0.36363636363636365,0,5
280344,0.18181818181818182,0,5
280345,0.25,0,5
280346,0.29411764705882354,0,5
280347,0.5416666666666666,0,5
280349,0.4117647058823529,0,5
280350,0.6363636363636364,0,5
280351,0.1,0,5
280352,0.4166666666666667,0,5
280353,0.2857142857142857,0,5
280354,0.0,0,5
280355,0.4375,0,5
280356,0.375,0,5
280357,0.631578947368421,0,5
280360,0.5,0,5
280361,0.5833333333333334,0,5
280362,0.5384615384615384,0,5
280363,0.5,0,5
280364,0.4666666666666667,0,5
280365,0.5,0,5
280367,0.26666666666666666,0,5
280368,0.6666666666666666,0,5
280369,0.45454545454545453,0,5
280370,0.6153846153846154,0,5
280371,0.8,0,5
280372,0.6923076923076923,0,5
280373,0.3,0,5
280374,0.4666666666666667,0,5
280375,0.2727272727272727,0,5
280376,0.35714285714285715,0,5
280377,0.6111111111111112,0,5
280379,0.2727272727272727,0,5
280380,0.5833333333333334,0,5
280383,0.7058823529411765,0,5
280384,0.6666666666666666,0,5
280385,0.3333333333333333,0,5
280386,0.5555555555555556,0,5
280387,0.15384615384615385,0,5
280389,0.6,0,5
280391,0.3333333333333333,0,5
280392,0.4117647058823529,0,5
280395,0.6,0,5
280396,0.29411764705882354,0,5
280398,0.2857142857142857,0,5
280403,0.7,0,5
280404,0.5384615384615384,0,5
280405,0.4,0,5
280406,0.29411764705882354,0,5
280408,0.3333333333333333,0,5
280409,0.4117647058823529,0,5
280411,0.375,0,5
280412,0.09090909090909091,0,5
280413,0.5555555555555556,0,5
280418,0.7272727272727273,0,5
280419,0.8,0,5
280420,0.6111111111111112,0,5
280422,0.3,0,5
280428,0.38461538461538464,0,5
280429,0.5714285714285714,0,5
280430,0.4444444444444444,0,5
280433,0.7,0,5
280435,0.5,0,5
280436,0.375,0,5
280437,0.42857142857142855,0,5
280438,0.3333333333333333,0,5
280440,0.42857142857142855,0,5
280444,0.2,0,5
280281,0.38095238095238093,1,6
280282,0.4,1,6
280283,0.4,1,6
280285,0.5,1,6
280286,0.48148148148148145,1,6
280288,0.4090909090909091,1,6
280289,0.42857142857142855,1,6
280292,0.5882352941176471,1,6
280297,0.5,1,6
280298,0.5238095238095238,1,6
280299,0.21739130434782608,1,6
280300,0.5789473684210527,1,6
280301,0.3684210526315789,1,6
280302,0.3125,1,6
280303,0.45,1,6
280304,0.5238095238095238,1,6
280305,0.6842105263157895,1,6
280306,0.5416666666666666,1,6
280307,0.3333333333333333,1,6
280308,0.6521739130434783,1,6
280309,0.4090909090909091,1,6
280310,0.5652173913043478,1,6
280311,0.5238095238095238,1,6
280312,0.375,1,6
280313,0.3157894736842105,1,6
280314,0.25,1,6
280315,0.2777777777777778,1,6
280316,0.55,1,6
280317,0.44,1,6
280318,0.4782608695652174,1,6
280320,0.5238095238095238,1,6
280321,0.5217391304347826,1,6
280322,0.4583333333333333,1,6
280325,0.36,1,6
280326,0.3333333333333333,1,6
280327,0.5238095238095238,1,6
280328,0.4166666666666667,1,6
280329,0.3181818181818182,1,6
280330,0.38095238095238093,1,6
280332,0.2857142857142857,1,6
280333,0.43478260869565216,1,6
280334,0.42857142857142855,1,6
280335,0.7857142857142857,1,6
280336,0.6521739130434783,1,6
280337,0.45454545454545453,1,6
280339,0.5789473684210527,1,6
280340,0.6842105263157895,1,6
280342,0.5714285714285714,1,6
280343,0.5833333333333334,1,6
280344,0.3181818181818182,1,6
280345,0.42105263157894735,1,6
280346,0.35714285714285715,1,6
280347,0.6190476190476191,1,6
280349,0.3684210526315789,1,6
280350,0.3076923076923077,1,6
280351,0.45454545454545453,1,6
280352,0.4827586206896552,1,6
280353,0.5909090909090909,1,6
280354,0.35,1,6
280355,0.3684210526315789,1,6
280356,0.5833333333333334,1,6
280357,0.3684210526315789,1,6
280360,0.5882352941176471,1,6
280361,0.391304347826087,1,6
280362,0.5294117647058824,1,6
280363,0.76,1,6
280364,0.6153846153846154,1,6
280365,0.38095238095238093,1,6
280367,0.5,1,6
280368,0.5333333333333333,1,6
280369,0.15,1,6
280370,0.38095238095238093,1,6
280371,0.47368421052631576,1,6
280372,0.29411764705882354,1,6
280373,0.3157894736842105,1,6
280374,0.5294117647058824,1,6
280375,0.38461538461538464,1,6
280376,0.5,1,6
280377,0.5806451612903226,1,6
280379,0.5555555555555556,1,6
280380,0.5,1,6
280383,0.38461538461538464,1,6
280384,0.35,1,6
280385,0.4375,1,6
280386,0.5,1,6
280387,0.28,1,6
280389,0.5,1,6
280391,0.47368421052631576,1,6
280392,0.3157894736842105,1,6
280395,0.47619047619047616,1,6
280396,0.2916666666666667,1,6
280398,0.5833333333333334,1,6
280403,0.5555555555555556,1,6
280404,0.75,1,6
280405,0.5217391304347826,1,6
280406,0.391304347826087,1,6
280408,0.3181818181818182,1,6
280409,0.5909090909090909,1,6
280411,0.16666666666666666,1,6
280412,0.44,1,6
280413,0.47619047619047616,1,6
280418,0.5217391304347826,1,6
280419,0.5,1,6
280420,0.46153846153846156,1,6
280422,0.2727272727272727,1,6
280428,0.2916666666666667,1,6
280429,0.19047619047619047,1,6
280430,0.36363636363636365,1,6
280433,0.48,1,6
280435,0.5217391304347826,1,6
280436,0.36,1,6
280437,0.35,1,6
280438,0.35294117647058826,1,6
280440,0.47368421052631576,1,6
280444,0.38095238095238093,1,6
280281,0.2631578947368421,0,6
280282,0.6923076923076923,0,6
280283,0.5333333333333333,0,6
280285,0.8333333333333334,0,6
280286,0.6875,0,6
280288,0.42857142857142855,0,6
280289,0.5652173913043478,0,6
280292,0.5,0,6
280297,0.5714285714285714,0,6
280298,0.2631578947368421,0,6
280299,0.5,0,6
280300,0.125,0,6
280301,0.46153846153846156,0,6
280302,0.47619047619047616,0,6
280303,0.5833333333333334,0,6
280304,0.47058823529411764,0,6
280305,0.3076923076923077,0,6
280306,0.5,0,6
280307,0.6842105263157895,0,6
280308,0.16666666666666666,0,6
280309,0.42857142857142855,0,6
280310,0.5,0,6
280311,0.55,0,6
280312,0.16666666666666666,0,6
280313,0.4166666666666667,0,6
280314,0.3181818181818182,0,6
280315,0.44,0,6
280316,0.45,0,6
280317,0.36363636363636365,0,6
280318,0.3333333333333333,0,6
280320,0.4,0,6
280321,0.29411764705882354,0,6
280322,0.3333333333333333,0,6
280325,0.1111111111111111,0,6
280326,0.5333333333333333,0,6
280327,0.47058823529411764,0,6
280328,0.2727272727272727,0,6
280329,0.25,0,6
280330,0.5,0,6
280332,0.56,0,6
280333,0.46153846153846156,0,6
280334,0.6,0,6
280335,0.6875,0,6
280336,0.375,0,6
280337,0.42857142857142855,0,6
280339,0.5217391304347826,0,6
280340,0.9,0,6
280342,0.1,0,6
280343,0.1875,0,6
280344,0.2777777777777778,0,6
280345,0.6666666666666666,0,6
280346,0.4666666666666667,0,6
280347,0.5625,0,6
280349,0.3684210526315789,0,6
280350,0.23529411764705882,0,6
280351,0.38461538461538464,0,6
280352,0.3888888888888889,0,6
280353,0.5294117647058824,0,6
280354,0.3333333333333333,0,6
280355,0.47619047619047616,0,6
280356,0.5714285714285714,0,6
280357,0.6666666666666666,0,6
280360,0.5555555555555556,0,6
280361,0.5,0,6
280362,0.46153846153846156,0,6
280363,0.5,0,6
280364,0.75,0,6
280365,0.4,0,6
280367,0.45454545454545453,0,6
280368,0.5,0,6
280369,0.29411764705882354,0,6
280370,0.42105263157894735,0,6
280371,0.5,0,6
280372,0.5333333333333333,0,6
280373,0.35714285714285715,0,6
280374,0.5,0,6
280375,0.4117647058823529,0,6
280376,0.6666666666666666,0,6
280377,0.4,0,6
280379,0.4,0,6
280380,0.45454545454545453,0,6
280383,0.6153846153846154,0,6
280384,0.25,0,6
280385,0.7333333333333333,0,6
280386,0.42857142857142855,0,6
280387,0.47368421052631576,0,6
280389,0.55,0,6
280391,0.4782608695652174,0,6
280392,0.6111111111111112,0,6
280395,0.5714285714285714,0,6
280396,0.45,0,6
280398,0.5263157894736842,0,6
280403,0.38461538461538464,0,6
280404,0.8333333333333334,0,6
280405,0.5,0,6
280406,0.0625,0,6
280408,0.5294117647058824,0,6
280409,0.5,0,6
280411,0.35,0,6
280412,0.3076923076923077,0,6
280413,0.6,0,6
280418,0.1875,0,6
280419,0.5333333333333333,0,6
280420,0.35294117647058826,0,6
280422,0.3125,0,6
280428,0.4166666666666667,0,6
280429,0.2777777777777778,0,6
280430,0.4117647058823529,0,6
280433,0.5714285714285714,0,6
280435,0.15384615384615385,0,6
280436,0.47058823529411764,0,6
280437,0.2857142857142857,0,6
280438,0.2777777777777778,0,6
280440,0.30434782608695654,0,6
280444,0.3,0,6
280281,0.34782608695652173,1,7
280282,0.5384615384615384,1,7
280283,0.5,1,7
280285,0.6923076923076923,1,7
280286,0.35294117647058826,1,7
280288,0.5,1,7
280289,0.6111111111111112,1,7
280292,0.3076923076923077,1,7
280297,0.42857142857142855,1,7
280298,0.5454545454545454,1,7
280299,0.42105263157894735,1,7
280300,0.5263157894736842,1,7
280301,0.4117647058823529,1,7
280302,0.6153846153846154,1,7
280303,0.5,1,7
280304,0.5,1,7
280305,0.3125,1,7
280306,0.5625,1,7
280307,0.5,1,7
280308,0.4,1,7
280309,0.42105263157894735,1,7
280310,0.5,1,7
280311,0.6,1,7
280312,0.42105263157894735,1,7
280313,0.3076923076923077,1,7
280314,0.17647058823529413,1,7
280315,0.3157894736842105,1,7
280316,0.4666666666666667,1,7
280317,0.4166666666666667,1,7
280318,0.17647058823529413,1,7
280320,0.47058823529411764,1,7
280321,0.6470588235294118,1,7
280322,0.35,1,7
280325,0.3125,1,7
280326,0.6875,1,7
280327,0.26666666666666666,1,7
280328,0.42857142857142855,1,7
280329,0.5,1,7
280330,0.3157894736842105,1,7
280332,0.5625,1,7
280333,0.6470588235294118,1,7
280334,0.6923076923076923,1,7
280335,0.5882352941176471,1,7
280336,0.375,1,7
280337,0.5294117647058824,1,7
280339,0.35294117647058826,1,7
280340,0.5294117647058824,1,7
280342,0.2631578947368421,1,7
280343,0.26666666666666666,1,7
280344,0.6153846153846154,1,7
280345,0.375,1,7
280346,0.4375,1,7
280347,0.0625,1,7
280349,0.5,1,7
280350,0.38095238095238093,1,7
280351,0.25,1,7
280352,0.6153846153846154,1,7
280353,0.5789473684210527,1,7
280354,0.25,1,7
280355,0.5238095238095238,1,7
280356,0.4,1,7
280357,0.6666666666666666,1,7
280360,0.6363636363636364,1,7
280361,0.5294117647058824,1,7
280362,0.35294117647058826,1,7
280363,0.2222222222222222,1,7
280364,0.5333333333333333,1,7
280365,0.4,1,7
280367,0.6,1,7
280368,0.35,1,7
280369,0.3125,1,7
280370,0.14285714285714285,1,7
280371,0.4,1,7
280372,0.7142857142857143,1,7
280373,0.35294117647058826,1,7
280374,0.4375,1,7
280375,0.47058823529411764,1,7
280376,0.5,1,7
280377,0.47058823529411764,1,7
280379,0.5294117647058824,1,7
280380,0.5,1,7
280383,0.42857142857142855,1,7
280384,0.4375,1,7
280385,0.47368421052631576,1,7
280386,0.35294117647058826,1,7
280387,0.3157894736842105,1,7
280389,0.3684210526315789,1,7
280391,0.2,1,7
280392,0.42105263157894735,1,7
280395,0.5333333333333333,1,7
280396,0.4166666666666667,1,7
280398,0.46153846153846156,1,7
280403,0.4,1,7
280404,0.8,1,7
280405,0.42105263157894735,1,7
280406,0.23529411764705882,1,7
280408,0.625,1,7
280409,0.35294117647058826,1,7
280411,0.21428571428571427,1,7
280412,0.35294117647058826,1,7
280413,0.7333333333333333,1,7
280418,0.5,1,7
280419,0.5333333333333333,1,7
280420,0.6666666666666666,1,7
280422,0.6111111111111112,1,7
280428,0.3684210526315789,1,7
280429,0.26666666666666666,1,7
280430,0.29411764705882354,1,7
280433,0.4375,1,7
280435,0.35714285714285715,1,7
280436,0.55,1,7
280437,0.29411764705882354,1,7
280438,0.4375,1,7
280440,0.42857142857142855,1,7
280444,0.4166666666666667,1,7
280281,0.375,0,7
280282,0.5714285714285714,0,7
280283,0.3125,0,7
280285,0.6666666666666666,0,7
280286,0.6666666666666666,0,7
280288,0.5454545454545454,0,7
280289,0.5454545454545454,0,7
280292,0.4166666666666667,0,7
280297,0.4,0,7
280298,0.125,0,7
280299,0.2,0,7
280300,0.3333333333333333,0,7
280301,0.2222222222222222,0,7
280302,0.35714285714285715,0,7
280303,0.18181818181818182,0,7
280304,0.4666666666666667,0,7
280305,0.5,0,7
280306,0.6875,0,7
280307,0.45454545454545453,0,7
280308,0.38461538461538464,0,7
280309,0.3333333333333333,0,7
280310,0.5,0,7
280311,0.5555555555555556,0,7
280312,0.5,0,7
280313,0.5,0,7
280314,0.5,0,7
280315,0.3333333333333333,0,7
280316,0.5333333333333333,0,7
280317,0.36363636363636365,0,7
280318,0.4375,0,7
280320,0.375,0,7
280321,0.5,0,7
280322,0.5555555555555556,0,7
280325,0.3333333333333333,0,7
280326,0.36363636363636365,0,7
280327,0.6153846153846154,0,7
280328,0.5833333333333334,0,7
280329,0.3333333333333333,0,7
280330,0.3125,0,7
280332,0.8571428571428571,0,7
280333,0.375,0,7
280334,0.3125,0,7
280335,0.6428571428571429,0,7
280336,0.4666666666666667,0,7
280337,0.6923076923076923,0,7
280339,0.42857142857142855,0,7
280340,0.2222222222222222,0,7
280342,0.375,0,7
280343,0.25,0,7
280344,0.3076923076923077,0,7
280345,0.35714285714285715,0,7
280346,0.5,0,7
280347,0.3,0,7
280349,0.4166666666666667,0,7
280350,0.625,0,7
280351,0.42857142857142855,0,7
280352,0.42105263157894735,0,7
280353,0.4166666666666667,0,7
280354,0.38461538461538464,0,7
280355,0.4166666666666667,0,7
280356,0.3076923076923077,0,7
280357,0.4166666666666667,0,7
280360,0.3,0,7
280361,0.5714285714285714,0,7
280362,0.4166666666666667,0,7
280363,0.35714285714285715,0,7
280364,0.2,0,7
280365,0.47368421052631576,0,7
280367,0.375,0,7
280368,0.4166666666666667,0,7
280369,0.25,0,7
280370,0.29411764705882354,0,7
280371,0.4444444444444444,0,7
280372,0.5,0,7
280373,0.35714285714285715,0,7
280374,0.42857142857142855,0,7
280375,0.46153846153846156,0,7
280376,0.46153846153846156,0,7
280377,0.7777777777777778,0,7
280379,0.6,0,7
280380,0.42105263157894735,0,7
280383,0.45454545454545453,0,7
280384,0.5833333333333334,0,7
280385,0.5454545454545454,0,7
280386,0.42857142857142855,0,7
280387,0.6666666666666666,0,7
280389,0.3333333333333333,0,7
280391,0.4375,0,7
280392,0.6363636363636364,0,7
280395,0.42857142857142855,0,7
280396,0.35714285714285715,0,7
280398,0.4,0,7
280403,0.5714285714285714,0,7
280404,0.4,0,7
280405,0.3,0,7
280406,0.5,0,7
280408,0.42857142857142855,0,7
280409,0.6428571428571429,0,7
280411,0.25,0,7
280412,0.25,0,7
280413,0.4,0,7
280418,0.4,0,7
280419,0.5,0,7
280420,0.42857142857142855,0,7
280422,0.5,0,7
280428,0.25,0,7
280429,0.42857142857142855,0,7
280430,0.5714285714285714,0,7
280433,0.5,0,7
280435,0.3076923076923077,0,7
280436,0.3333333333333333,0,7
280437,0.1,0,7
280438,0.6,0,7
280440,0.3333333333333333,0,7
280444,0.42857142857142855,0,7
280281,0.47619047619047616,1,8
280282,0.35,1,8
280283,0.47058823529411764,1,8
280285,0.65,1,8
280286,0.6190476190476191,1,8
280288,0.45454545454545453,1,8
280289,0.631578947368421,1,8
280292,0.4,1,8
280297,0.5789473684210527,1,8
280298,0.3157894736842105,1,8
280299,0.2857142857142857,1,8
280300,0.35294117647058826,1,8
280301,0.631578947368421,1,8
280302,0.3125,1,8
280303,0.391304347826087,1,8
280304,0.47368421052631576,1,8
280305,0.5333333333333333,1,8
280306,0.5,1,8
280307,0.5,1,8
280308,0.4782608695652174,1,8
280309,0.4166666666666667,1,8
280310,0.7272727272727273,1,8
280311,0.5,1,8
280312,0.3888888888888889,1,8
280313,0.42857142857142855,1,8
280314,0.42857142857142855,1,8
280315,0.4,1,8
280316,0.23809523809523808,1,8
280317,0.35294117647058826,1,8
280318,0.1,1,8
280320,0.6111111111111112,1,8
280321,0.7,1,8
280322,0.35,1,8
280325,0.2857142857142857,1,8
280326,0.5416666666666666,1,8
280327,0.2608695652173913,1,8
280328,0.6190476190476191,1,8
280329,0.375,1,8
280330,0.4782608695652174,1,8
280332,0.6153846153846154,1,8
280333,0.35294117647058826,1,8
280334,0.5714285714285714,1,8
280335,0.56,1,8
280336,0.3157894736842105,1,8
280337,0.6666666666666666,1,8
280339,0.43478260869565216,1,8
280340,0.4782608695652174,1,8
280342,0.35,1,8
280343,0.4166666666666667,1,8
280344,0.3684210526315789,1,8
280345,0.47368421052631576,1,8
280346,0.4375,1,8
280347,0.5384615384615384,1,8
280349,0.3076923076923077,1,8
280350,0.42857142857142855,1,8
280351,0.47619047619047616,1,8
280352,0.42857142857142855,1,8
280353,0.7142857142857143,1,8
280354,0.4375,1,8
280355,0.5384615384615384,1,8
280356,0.5333333333333333,1,8
280357,0.5909090909090909,1,8
280360,0.6,1,8
280361,0.6190476190476191,1,8
280362,0.07142857142857142,1,8
280363,0.5416666666666666,1,8
280364,0.7368421052631579,1,8
280365,0.42857142857142855,1,8
280367,0.11764705882352941,1,8
280368,0.5,1,8
280369,0.3157894736842105,1,8
280370,0.2857142857142857,1,8
280371,0.5238095238095238,1,8
280372,0.5,1,8
280373,0.3684210526315789,1,8
280374,0.5,1,8
280375,0.6086956521739131,1,8
280376,0.4166666666666667,1,8
280377,0.56,1,8
280379,0.5454545454545454,1,8
280380,0.3076923076923077,1,8
280383,0.4642857142857143,1,8
280384,0.25,1,8
280385,0.5714285714285714,1,8
280386,0.5789473684210527,1,8
280387,0.47368421052631576,1,8
280389,0.2608695652173913,1,8
280391,0.3,1,8
280392,0.7368421052631579,1,8
280395,0.6086956521739131,1,8
280396,0.4,1,8
280398,0.375,1,8
280403,0.45454545454545453,1,8
280404,0.5652173913043478,1,8
280405,0.375,1,8
280406,0.4090909090909091,1,8
280408,0.4583333333333333,1,8
280409,0.7083333333333334,1,8
280411,0.4117647058823529,1,8
280412,0.1875,1,8
280413,0.6086956521739131,1,8
280418,0.55,1,8
280419,0.6666666666666666,1,8
280420,0.6111111111111112,1,8
280422,0.5,1,8
280428,0.2222222222222222,1,8
280429,0.2,1,8
280430,0.375,1,8
280433,0.6470588235294118,1,8
280435,0.4782608695652174,1,8
280436,0.4,1,8
280437,0.3103448275862069,1,8
280438,0.21052631578947367,1,8
280440,0.3684210526315789,1,8
280444,0.375,1,8
280281,0.4444444444444444,0,8
280282,0.6428571428571429,0,8
280283,0.5,0,8
280285,0.2857142857142857,0,8
280286,0.45,0,8
280288,0.5714285714285714,0,8
280289,0.5555555555555556,0,8
280292,0.4166666666666667,0,8
280297,0.6153846153846154,0,8
280298,0.35,0,8
280299,0.375,0,8
280300,0.5,0,8
280301,0.15384615384615385,0,8
280302,0.16666666666666666,0,8
280303,0.36363636363636365,0,8
280304,0.6470588235294118,0,8
280305,0.2727272727272727,0,8
280306,0.6153846153846154,0,8
280307,0.4,0,8
280308,0.35,0,8
280309,0.23076923076923078,0,8
280310,0.4166666666666667,0,8
280311,0.5263157894736842,0,8
280312,0.6153846153846154,0,8
280313,0.08333333333333333,0,8
280314,0.42857142857142855,0,8
280315,0.26666666666666666,0,8
280316,0.35294117647058826,0,8
280317,0.36363636363636365,0,8
280318,0.47058823529411764,0,8
280320,0.5714285714285714,0,8
280321,0.5,0,8
280322,0.3333333333333333,0,8
280325,0.38095238095238093,0,8
280326,0.26666666666666666,0,8
280327,0.29411764705882354,0,8
280328,0.5454545454545454,0,8
280329,0.5625,0,8
280330,0.25,0,8
280332,0.75,0,8
280333,0.4166666666666667,0,8
280334,0.5625,0,8
280335,0.5,0,8
280336,0.47368421052631576,0,8
280337,0.45454545454545453,0,8
280339,0.6666666666666666,0,8
280340,0.3,0,8
280342,0.3333333333333333,0,8
280343,0.4444444444444444,0,8
280344,0.5,0,8
280345,0.42857142857142855,0,8
280346,0.42105263157894735,0,8
280347,0.6153846153846154,0,8
280349,0.3333333333333333,0,8
280350,0.5,0,8
280351,0.14285714285714285,0,8
280352,0.5,0,8
280353,0.4666666666666667,0,8
280354,0.5,0,8
280355,0.42105263157894735,0,8
280356,0.4,0,8
280357,0.38461538461538464,0,8
280360,0.5333333333333333,0,8
280361,0.4166666666666667,0,8
280362,0.35714285714285715,0,8
280363,0.5833333333333334,0,8
280364,0.6190476190476191,0,8
280365,0.36363636363636365,0,8
280367,0.5,0,8
280368,0.3888888888888889,0,8
280369,0.375,0,8
280370,0.4375,0,8
280371,0.625,0,8
280372,0.3333333333333333,0,8
280373,0.4,0,8
280374,0.3333333333333333,0,8
280375,0.6,0,8
280376,0.4,0,8
280377,0.55,0,8
280379,0.38461538461538464,0,8
280380,0.6875,0,8
280383,0.42857142857142855,0,8
280384,0.625,0,8
280385,0.5,0,8
280386,0.5294117647058824,0,8
280387,0.15384615384615385,0,8
280389,0.4666666666666667,0,8
280391,0.65,0,8
280392,0.5217391304347826,0,8
280395,0.42857142857142855,0,8
280396,0.20833333333333334,0,8
280398,0.47058823529411764,0,8
280403,0.6111111111111112,0,8
280404,0.8,0,8
280405,0.4,0,8
280406,0.47058823529411764,0,8
280408,0.5,0,8
280409,0.5,0,8
280411,0.14285714285714285,0,8
280412,0.5,0,8
280413,0.46153846153846156,0,8
280418,0.4,0,8
280419,0.3333333333333333,0,8
280420,0.47619047619047616,0,8
280422,0.5555555555555556,0,8
280428,0.6363636363636364,0,8
280429,0.38461538461538464,0,8
280430,0.46153846153846156,0,8
280433,0.3333333333333333,0,8
280435,0.5294117647058824,0,8
280436,0.3125,0,8
280437,0.2,0,8
280438,0.23529411764705882,0,8
280440,0.375,0,8
280444,0.29411764705882354,0,8
280281,0.5294117647058824,1,9
280282,0.47368421052631576,1,9
280283,0.4166666666666667,1,9
280285,0.5625,1,9
280286,0.5555555555555556,1,9
280288,0.21052631578947367,1,9
280289,0.7058823529411765,1,9
280292,0.5333333333333333,1,9
280297,0.42105263157894735,1,9
280298,0.3,1,9
280299,0.3333333333333333,1,9
280300,0.7142857142857143,1,9
280301,0.3333333333333333,1,9
280302,0.4666666666666667,1,9
280303,0.4666666666666667,1,9
280304,0.5238095238095238,1,9
280305,0.4444444444444444,1,9
280306,0.3157894736842105,1,9
280307,0.5,1,9
280308,0.23076923076923078,1,9
280309,0.3333333333333333,1,9
280310,0.5,1,9
280311,0.6666666666666666,1,9
280312,0.5,1,9
280313,0.5454545454545454,1,9
280314,0.47368421052631576,1,9
280315,0.4,1,9
280316,0.47058823529411764,1,9
280317,0.5294117647058824,1,9
280318,0.3,1,9
280320,0.6521739130434783,1,9
280321,0.5294117647058824,1,9
280322,0.35714285714285715,1,9
280325,0.5,1,9
280326,0.5882352941176471,1,9
280327,0.6666666666666666,1,9
280328,0.625,1,9
280329,0.3,1,9
280330,0.5294117647058824,1,9
280332,0.5,1,9
280333,0.38461538461538464,1,9
280334,0.6666666666666666,1,9
280335,0.4666666666666667,1,9
280336,0.47368421052631576,1,9
280337,0.6470588235294118,1,9
280339,0.5,1,9
280340,0.4,1,9
280342,0.36363636363636365,1,9
280343,0.1875,1,9
280344,0.3333333333333333,1,9
280345,0.2777777777777778,1,9
280346,0.6,1,9
280347,0.6,1,9
280349,0.6666666666666666,1,9
280350,0.38461538461538464,1,9
280351,0.6153846153846154,1,9
280352,0.6470588235294118,1,9
280353,0.625,1,9
280354,0.3,1,9
280355,0.6521739130434783,1,9
280356,0.45454545454545453,1,9
280357,0.5263157894736842,1,9
280360,0.5294117647058824,1,9
280361,0.3125,1,9
280362,0.5,1,9
280363,0.3333333333333333,1,9
280364,0.5333333333333333,1,9
280365,0.5555555555555556,1,9
280367,0.42857142857142855,1,9
280368,0.3333333333333333,1,9
280369,0.45454545454545453,1,9
280370,0.6428571428571429,1,9
280371,0.375,1,9
280372,0.7777777777777778,1,9
280373,0.3,1,9
280374,0.5,1,9
280375,0.6,1,9
280376,0.5555555555555556,1,9
280377,0.6,1,9
280379,0.3684210526315789,1,9
280380,0.6190476190476191,1,9
280383,0.42857142857142855,1,9
280384,0.5625,1,9
280385,0.2777777777777778,1,9
280386,0.5,1,9
280387,0.5555555555555556,1,9
280389,0.4,1,9
280391,0.42857142857142855,1,9
280392,0.35,1,9
280395,0.7647058823529411,1,9
280396,0.45454545454545453,1,9
280398,0.5555555555555556,1,9
280403,0.4,1,9
280404,0.5384615384615384,1,9
280405,0.3684210526315789,1,9
280406,0.16666666666666666,1,9
280408,0.5,1,9
280409,0.5333333333333333,1,9
280411,0.25,1,9
280412,0.08333333333333333,1,9
280413,0.6,1,9
280418,0.3125,1,9
280419,0.3888888888888889,1,9
280420,0.6666666666666666,1,9
280422,0.5333333333333333,1,9
280428,0.23076923076923078,1,9
280429,0.3,1,9
280430,0.2,1,9
280433,0.47368421052631576,1,9
280435,0.4375,1,9
280436,0.5,1,9
280437,0.6153846153846154,1,9
280438,0.38461538461538464,1,9
280440,0.46153846153846156,1,9
280444,0.45454545454545453,1,9
280281,0.5384615384615384,0,9
280282,0.5,0,9
280283,0.5,0,9
280285,0.6666666666666666,0,9
280286,0.5,0,9
280288,0.4,0,9
280289,0.3076923076923077,0,9
280292,0.46153846153846156,0,9
280297,0.4444444444444444,0,9
280298,0.09090909090909091,0,9
280299,0.42857142857142855,0,9
280300,0.2222222222222222,0,9
280301,0.7142857142857143,0,9
280302,0.3333333333333333,0,9
280303,0.38461538461538464,0,9
280304,0.5714285714285714,0,9
280305,0.6666666666666666,0,9
280306,0.5833333333333334,0,9
280307,0.375,0,9
280308,0.5263157894736842,0,9
280309,0.5,0,9
280310,0.5454545454545454,0,9
280311,0.23076923076923078,0,9
280312,0.2727272727272727,0,9
280313,0.36363636363636365,0,9
280314,0.23076923076923078,0,9
280315,0.5,0,9
280316,0.4,0,9
280317,0.36363636363636365,0,9
280318,0.21052631578947367,0,9
280320,0.5,0,9
280321,0.3,0,9
280322,0.2777777777777778,0,9
280325,0.25,0,9
280326,0.4,0,9
280327,0.1875,0,9
280328,0.5833333333333334,0,9
280329,0.42857142857142855,0,9
280330,0.29411764705882354,0,9
280332,0.5,0,9
280333,0.3333333333333333,0,9
280334,0.6153846153846154,0,9
280335,0.5263157894736842,0,9
280336,0.4375,0,9
280337,0.6428571428571429,0,9
280339,0.55,0,9
280340,0.375,0,9
280342,0.2,0,9
280343,0.5,0,9
280344,0.42857142857142855,0,9
280345,0.3076923076923077,0,9
280346,0.25,0,9
280347,0.3125,0,9
280349,0.5454545454545454,0,9
280350,0.5384615384615384,0,9
280351,0.5,0,9
280352,0.6153846153846154,0,9
280353,0.5454545454545454,0,9
280354,0.07692307692307693,0,9
280355,0.4,0,9
280356,0.4444444444444444,0,9
280357,0.4,0,9
280360,0.6,0,9
280361,0.5454545454545454,0,9
280362,0.6666666666666666,0,9
280363,0.47368421052631576,0,9
280364,0.8461538461538461,0,9
280365,0.46153846153846156,0,9
280367,0.5555555555555556,0,9
280368,0.21428571428571427,0,9
280369,0.625,0,9
280370,0.375,0,9
280371,0.8461538461538461,0,9
280372,0.5,0,9
280373,0.6666666666666666,0,9
280374,0.6428571428571429,0,9
280375,0.6363636363636364,0,9
280376,0.13333333333333333,0,9
280377,0.45454545454545453,0,9
280379,0.2857142857142857,0,9
280380,0.5454545454545454,0,9
280383,0.45454545454545453,0,9
280384,0.2857142857142857,0,9
280385,0.5833333333333334,0,9
280386,0.21428571428571427,0,9
280387,0.3333333333333333,0,9
280389,0.45454545454545453,0,9
280391,0.5,0,9
280392,0.3076923076923077,0,9
280395,0.45454545454545453,0,9
280396,0.45454545454545453,0,9
280398,0.35294117647058826,0,9
280403,0.3125,0,9
280404,0.6363636363636364,0,9
280405,0.3333333333333333,0,9
280406,0.46153846153846156,0,9
280408,0.46153846153846156,0,9
280409,0.6428571428571429,0,9
280411,0.15384615384615385,0,9
280412,0.4,0,9
280413,0.36363636363636365,0,9
280418,0.45454545454545453,0,9
280419,0.21428571428571427,0,9
280420,0.5,0,9
280422,0.75,0,9
280428,0.3333333333333333,0,9
280429,0.4,0,9
280430,0.4,0,9
280433,0.5,0,9
280435,0.2,0,9
280436,0.6923076923076923,0,9
280437,0.5,0,9
280438,0.42857142857142855,0,9
280440,0.0,0,9
280444,0.5333333333333333,0,9
280281,0.5263157894736842,1,10
280282,0.5714285714285714,1,10
280283,0.5555555555555556,1,10
280285,0.6,1,10
280286,0.5,1,10
280288,0.4666666666666667,1,10
280289,0.7368421052631579,1,10
280292,0.5,1,10
280297,0.46153846153846156,1,10
280298,0.5,1,10
280299,0.15789473684210525,1,10
280300,0.6,1,10
280301,0.4117647058823529,1,10
280302,0.47058823529411764,1,10
280303,0.4,1,10
280304,0.5263157894736842,1,10
280305,0.45454545454545453,1,10
280306,0.5333333333333333,1,10
280307,0.6428571428571429,1,10
280308,0.25,1,10
280309,0.375,1,10
280310,0.5454545454545454,1,10
280311,0.4375,1,10
280312,0.35294117647058826,1,10
280313,0.4,1,10
280314,0.26666666666666666,1,10
280315,0.4,1,10
280316,0.5882352941176471,1,10
280317,0.2777777777777778,1,10
280318,0.6666666666666666,1,10
280320,0.6470588235294118,1,10
280321,0.5833333333333334,1,10
280322,0.29411764705882354,1,10
280325,0.45454545454545453,1,10
280326,0.6190476190476191,1,10
280327,0.6,1,10
280328,0.65,1,10
280329,0.3157894736842105,1,10
280330,0.3157894736842105,1,10
280332,0.5,1,10
280333,0.7,1,10
280334,0.5294117647058824,1,10
280335,0.5384615384615384,1,10
280336,0.47058823529411764,1,10
280337,0.45,1,10
280339,0.14285714285714285,1,10
280340,0.38461538461538464,1,10
280342,0.2727272727272727,1,10
280343,0.4375,1,10
280344,0.46153846153846156,1,10
280345,0.1875,1,10
280346,0.3157894736842105,1,10
280347,0.3157894736842105,1,10
280349,0.35714285714285715,1,10
280350,0.375,1,10
280351,0.3333333333333333,1,10
280352,0.5,1,10
280353,0.6,1,10
280354,0.3333333333333333,1,10
280355,0.6,1,10
280356,0.3,1,10
280357,0.5,1,10
280360,0.5,1,10
280361,0.5789473684210527,1,10
280362,0.2631578947368421,1,10
280363,0.3684210526315789,1,10
280364,0.6111111111111112,1,10
280365,0.3888888888888889,1,10
280367,0.25,1,10
280368,0.4117647058823529,1,10
280369,0.5454545454545454,1,10
280370,0.5,1,10
280371,0.6,1,10
280372,0.6428571428571429,1,10
280373,0.5833333333333334,1,10
280374,0.5,1,10
280375,0.4444444444444444,1,10
280376,0.625,1,10
280377,0.46153846153846156,1,10
280379,0.29411764705882354,1,10
280380,0.5,1,10
280383,0.35,1,10
280384,0.35714285714285715,1,10
280385,0.5454545454545454,1,10
280386,0.3888888888888889,1,10
280387,0.47368421052631576,1,10
280389,0.2857142857142857,1,10
280391,0.5833333333333334,1,10
280392,0.46153846153846156,1,10
280395,0.6,1,10
280396,0.3888888888888889,1,10
280398,0.9230769230769231,1,10
280403,0.7333333333333333,1,10
280404,0.4166666666666667,1,10
280405,0.4444444444444444,1,10
280406,0.3888888888888889,1,10
280408,0.5,1,10
280409,0.5238095238095238,1,10
280411,0.11764705882352941,1,10
280412,0.5,1,10
280413,0.3181818181818182,1,10
280418,0.6153846153846154,1,10
280419,0.47058823529411764,1,10
280420,0.6190476190476191,1,10
280422,0.2777777777777778,1,10
280428,0.42857142857142855,1,10
280429,0.3333333333333333,1,10
280430,0.5625,1,10
280433,0.29411764705882354,1,10
280435,0.3333333333333333,1,10
280436,0.6842105263157895,1,10
280437,0.15789473684210525,1,10
280438,0.3333333333333333,1,10
280440,0.4117647058823529,1,10
280444,0.42105263157894735,1,10
280281,0.18181818181818182,0,10
280282,0.38461538461538464,0,10
280283,0.5384615384615384,0,10
280285,0.4444444444444444,0,10
280286,0.6111111111111112,0,10
280288,0.625,0,10
280289,0.6666666666666666,0,10
280292,0.36363636363636365,0,10
280297,0.35294117647058826,0,10
280298,0.375,0,10
280299,0.1111111111111111,0,10
280300,0.2857142857142857,0,10
280301,0.42857142857142855,0,10
280302,0.2727272727272727,0,10
280303,0.09090909090909091,0,10
280304,0.3333333333333333,0,10
280305,0.14285714285714285,0,10
280306,0.3333333333333333,0,10
280307,0.3076923076923077,0,10
280308,0.25,0,10
280309,0.5,0,10
280310,0.23529411764705882,0,10
280311,0.5625,0,10
280312,0.3333333333333333,0,10
280313,0.25,0,10
280314,0.46153846153846156,0,10
280315,0.42857142857142855,0,10
280316,0.35714285714285715,0,10
280317,0.4,0,10
280318,0.6111111111111112,0,10
280320,0.5,0,10
280321,0.6,0,10
280322,0.2,0,10
280325,0.35294117647058826,0,10
280326,0.3333333333333333,0,10
280327,0.5,0,10
280328,0.5,0,10
280329,0.25,0,10
280330,0.4375,0,10
280332,0.6666666666666666,0,10
280333,0.46153846153846156,0,10
280334,0.5333333333333333,0,10
280335,0.6470588235294118,0,10
280336,0.5789473684210527,0,10
280337,0.5,0,10
280339,0.5333333333333333,0,10
280340,0.6363636363636364,0,10
280342,0.8333333333333334,0,10
280343,0.5555555555555556,0,10
280344,0.23809523809523808,0,10
280345,0.375,0,10
280346,0.5333333333333333,0,10
280347,0.36363636363636365,0,10
280349,0.1875,0,10
280350,0.6923076923076923,0,10
280351,0.38461538461538464,0,10
280352,0.4666666666666667,0,10
280353,0.46153846153846156,0,10
280354,0.14285714285714285,0,10
280355,0.4375,0,10
280356,0.5833333333333334,0,10
280357,0.23076923076923078,0,10
280360,0.3333333333333333,0,10
280361,0.5555555555555556,0,10
280362,0.5,0,10
280363,0.2857142857142857,0,10
280364,0.5,0,10
280365,0.3,0,10
280367,0.4,0,10
280368,0.3333333333333333,0,10
280369,0.38461538461538464,0,10
280370,0.3333333333333333,0,10
280371,0.5,0,10
280372,0.38461538461538464,0,10
280373,0.4,0,10
280374,0.4,0,10
280375,0.5,0,10
280376,0.29411764705882354,0,10
280377,0.35294117647058826,0,10
280379,0.2222222222222222,0,10
280380,0.42105263157894735,0,10
280383,0.4,0,10
280384,0.4375,0,10
280385,0.4,0,10
280386,0.4,0,10
280387,0.3333333333333333,0,10
280389,0.375,0,10
280391,0.29411764705882354,0,10
280392,0.3333333333333333,0,10
280395,0.46153846153846156,0,10
280396,0.26666666666666666,0,10
280398,0.3333333333333333,0,10
280403,0.6363636363636364,0,10
280404,0.5,0,10
280405,0.4444444444444444,0,10
280406,0.4166666666666667,0,10
280408,0.5384615384615384,0,10
280409,0.5,0,10
280411,0.4166666666666667,0,10
280412,0.38461538461538464,0,10
280413,0.2857142857142857,0,10
280418,0.46153846153846156,0,10
280419,0.6153846153846154,0,10
280420,0.5,0,10
280422,0.3333333333333333,0,10
280428,0.3333333333333333,0,10
280429,0.13333333333333333,0,10
280430,0.625,0,10
280433,0.3333333333333333,0,10
280435,0.5,0,10
280436,0.5555555555555556,0,10
280437,0.16666666666666666,0,10
280438,0.5,0,10
280440,0.6,0,10
280444,0.5,0,10
